Model,AUC
Baseline,0.5367904450000001
Defended,0.669086095
